IP,DATE,CATEGORIES
109.70.100.73,29 of March of 2023 at 05:58:53 AM UTC,Web Spam
109.70.100.73,29 of March of 2023 at 05:58:53 AM UTC,Hacking
109.70.100.73,29 of March of 2023 at 05:58:53 AM UTC,Bad Web Bot
109.70.100.73,29 of March of 2023 at 05:58:53 AM UTC,Web App Attack
109.70.100.74,29 of March of 2023 at 09:36:30 AM UTC,Web Spam
109.70.100.74,29 of March of 2023 at 09:36:30 AM UTC,Hacking
109.70.100.74,29 of March of 2023 at 09:36:30 AM UTC,Bad Web Bot
109.70.100.74,29 of March of 2023 at 09:36:30 AM UTC,Web App Attack
109.70.100.75,29 of March of 2023 at 08:11:02 PM UTC,Web Spam
109.70.100.76,29 of March of 2023 at 04:31:17 AM UTC,Web App Attack
109.70.100.77,29 of March of 2023 at 04:31:18 AM UTC,Web App Attack
109.70.100.78,29 of March of 2023 at 07:03:06 PM UTC,Open Proxy
109.70.100.78,29 of March of 2023 at 07:03:06 PM UTC,VPN IP
109.70.100.78,29 of March of 2023 at 07:03:06 PM UTC,Port Scan
109.70.100.78,29 of March of 2023 at 07:03:06 PM UTC,Hacking
109.70.100.78,29 of March of 2023 at 07:03:06 PM UTC,SQL Injection
109.70.100.78,29 of March of 2023 at 07:03:06 PM UTC,Bad Web Bot
109.70.100.78,29 of March of 2023 at 07:03:06 PM UTC,Exploited Host
109.70.100.78,29 of March of 2023 at 07:03:06 PM UTC,Web App Attack
109.70.100.79,29 of March of 2023 at 12:01:27 PM UTC,Brute-Force
109.70.100.8,29 of March of 2023 at 07:15:06 PM UTC,Web App Attack
109.70.100.9,29 of March of 2023 at 04:25:07 AM UTC,Web App Attack
109.98.208.42,29 of March of 2023 at 08:09:43 PM UTC,Brute-Force
109.98.208.42,29 of March of 2023 at 08:09:43 PM UTC,SSH
109.98.208.54,29 of March of 2023 at 08:02:28 PM UTC,Brute-Force
111.90.148.170,29 of March of 2023 at 04:27:35 AM UTC,Web App Attack
114.35.245.150,29 of March of 2023 at 01:19:30 PM UTC,Port Scan
114.35.245.150,29 of March of 2023 at 01:19:30 PM UTC,Hacking
125.212.241.131,29 of March of 2023 at 04:25:22 AM UTC,Web App Attack
128.127.180.30,29 of March of 2023 at 04:33:49 AM UTC,Web App Attack
130.149.80.199,29 of March of 2023 at 04:31:49 AM UTC,Web App Attack
130.193.10.21,29 of March of 2023 at 04:31:14 AM UTC,Web App Attack
130.193.10.82,29 of March of 2023 at 04:33:36 AM UTC,Web App Attack
130.193.15.186,29 of March of 2023 at 04:31:14 AM UTC,Web App Attack
130.193.15.79,29 of March of 2023 at 02:13:37 PM UTC,Brute-Force
135.125.205.25,29 of March of 2023 at 07:53:22 PM UTC,DDoS Attack
135.125.205.25,29 of March of 2023 at 07:53:22 PM UTC,Bad Web Bot
135.148.132.45,29 of March of 2023 at 04:33:47 AM UTC,Web App Attack
135.148.149.71,29 of March of 2023 at 04:34:02 AM UTC,Web App Attack
137.74.169.241,29 of March of 2023 at 04:31:16 AM UTC,Web App Attack
138.128.222.68,29 of March of 2023 at 04:34:30 AM UTC,Web App Attack
138.59.18.110,29 of March of 2023 at 04:27:15 AM UTC,Web App Attack
139.28.36.142,29 of March of 2023 at 04:29:28 AM UTC,Web App Attack
139.99.172.11,29 of March of 2023 at 04:27:02 AM UTC,Web App Attack
139.99.237.205,29 of March of 2023 at 04:38:05 PM UTC,Brute-Force
139.99.237.205,29 of March of 2023 at 04:38:05 PM UTC,SSH
141.239.149.94,29 of March of 2023 at 04:25:33 AM UTC,Web App Attack
141.255.162.218,29 of March of 2023 at 07:59:15 PM UTC,Brute-Force
141.255.162.218,29 of March of 2023 at 07:59:15 PM UTC,SSH
141.98.11.131,29 of March of 2023 at 04:31:21 AM UTC,Web App Attack
142.44.241.142,29 of March of 2023 at 12:51:21 PM UTC,Brute-Force
142.44.241.142,29 of March of 2023 at 12:51:21 PM UTC,SSH
143.42.110.237,29 of March of 2023 at 04:33:57 AM UTC,Web App Attack
143.42.199.223,29 of March of 2023 at 04:33:56 AM UTC,Web App Attack
144.172.118.34,29 of March of 2023 at 08:16:01 PM UTC,Brute-Force
144.172.118.34,29 of March of 2023 at 08:16:01 PM UTC,SSH
144.172.118.36,29 of March of 2023 at 08:13:17 PM UTC,Brute-Force
144.172.118.36,29 of March of 2023 at 08:13:17 PM UTC,SSH
144.172.118.4,29 of March of 2023 at 05:15:27 PM UTC,Brute-Force
144.172.118.41,29 of March of 2023 at 08:07:44 PM UTC,Brute-Force
144.172.118.41,29 of March of 2023 at 08:07:44 PM UTC,SSH
144.172.118.45,29 of March of 2023 at 04:29:09 AM UTC,Web App Attack
102.130.113.9,29 of March of 2023 at 04:25:37 AM UTC,Web App Attack
102.130.127.117,29 of March of 2023 at 04:31:48 AM UTC,Web App Attack
102.130.127.238,29 of March of 2023 at 07:46:20 PM UTC,Brute-Force
103.109.101.105,29 of March of 2023 at 04:29:48 AM UTC,Web App Attack
103.163.218.11,29 of March of 2023 at 04:29:42 AM UTC,Web App Attack
103.196.37.111,29 of March of 2023 at 04:30:38 AM UTC,Web App Attack
103.236.201.88,29 of March of 2023 at 03:05:18 PM UTC,Brute-Force
103.236.201.88,29 of March of 2023 at 03:05:18 PM UTC,SSH
